{
  "project_info": {
    "project_number": "615921027090",
    "firebase_url": "https://travelmantics-1a5da.firebaseio.com",
    "project_id": "travelmantics-1a5da",
    "storage_bucket": "travelmantics-1a5da.appspot.com"
  },
  "client": [
    {
      "client_info": {
        "mobilesdk_app_id": "1:615921027090:android:a1265e837976688c",
        "android_client_info": {
          "package_name": "com.example.manuel.travelmantics"
        }
      },
      "oauth_client": [
        {
          "client_id": "615921027090-afieg6f4em4vk6sjk43i214o6ajivd73.apps.googleusercontent.com",
          "client_type": 1,
          "android_info": {
            "package_name": "com.example.manuel.travelmantics",
            "certificate_hash": "1af917f2958af776c3433e63991c8b2d2f93d504"
          }
        },
        {
          "client_id": "615921027090-59h8kk9nurisb9ptsob6p00v9de6jcbl.apps.googleusercontent.com",
          "client_type": 3
        }
      ],
      "api_key": [
        {
          "current_key": "AIzaSyDi3_vry59gvpbb2g6Noumr5UgAInEj-ws"
        }
      ],
      "services": {
        "appinvite_service": {
          "other_platform_oauth_client": [
            {
              "client_id": "615921027090-59h8kk9nurisb9ptsob6p00v9de6jcbl.apps.googleusercontent.com",
              "client_type": 3
            }
          ]
        }
      }
    }
  ],
  "configuration_version": "1"
}